<?xml version="1.0" encoding="UTF-8" ?>
<!DOCTYPE mapper PUBLIC "-//mybatis.org//DTD Mapper 3.0//EN" "http://mybatis.org/dtd/mybatis-3-mapper.dtd" >
<mapper namespace="com.ems.mapper.DeptMapper" >
  <resultMap id="BaseResultMap" type="com.ems.domain.Dept" >
    <id column="deptno" property="deptno" jdbcType="BIGINT" />
    <result column="dname" property="dname" jdbcType="VARCHAR" />
    <result column="location" property="location" jdbcType="VARCHAR" />
  </resultMap>
  <sql id="Example_Where_Clause" >
    <where >
      <foreach collection="oredCriteria" item="criteria" separator="or" >
        <if test="criteria.valid" >
          <trim prefix="(" suffix=")" prefixOverrides="and" >
            <foreach collection="criteria.criteria" item="criterion" >
              <choose >
                <when test="criterion.noValue" >
                  and ${criterion.condition}
                </when>
                <when test="criterion.singleValue" >
                  and ${criterion.condition} #{criterion.value}
                </when>
                <when test="criterion.betweenValue" >
                  and ${criterion.condition} #{criterion.value} and #{criterion.secondValue}
                </when>
                <when test="criterion.listValue" >
                  and ${criterion.condition}
                  <foreach collection="criterion.value" item="listItem" open="(" close=")" separator="," >
                    #{listItem}
                  </foreach>
                </when>
              </choose>
            </foreach>
          </trim>
        </if>
      </foreach>
    </where>
  </sql>
  <sql id="Update_By_Example_Where_Clause" >
    <where >
      <foreach collection="example.oredCriteria" item="criteria" separator="or" >
        <if test="criteria.valid" >
          <trim prefix="(" suffix=")" prefixOverrides="and" >
            <foreach collection="criteria.criteria" item="criterion" >
              <choose >
                <when test="criterion.noValue" >
                  and ${criterion.condition}
                </when>
                <when test="criterion.singleValue" >
                  and ${criterion.condition} #{criterion.value}
                </when>
                <when test="criterion.betweenValue" >
                  and ${criterion.condition} #{criterion.value} and #{criterion.secondValue}
                </when>
                <when test="criterion.listValue" >
                  and ${criterion.condition}
                  <foreach collection="criterion.value" item="listItem" open="(" close=")" separator="," >
                    #{listItem}
                  </foreach>
                </when>
              </choose>
            </foreach>
          </trim>
        </if>
      </foreach>
    </where>
  </sql>
  <sql id="Base_Column_List" >
    deptno, dname, location
  </sql>
  <select id="selectByExample" resultMap="BaseResultMap" parameterType="com.ems.domain.DeptExample" >
    select
    <if test="distinct" >
      distinct
    </if>
    <include refid="Base_Column_List" />
    from dept
    <if test="_parameter != null" >
      <include refid="Example_Where_Clause" />
    </if>
    <if test="orderByClause != null" >
      order by ${orderByClause}
    </if>
  </select>
  <select id="selectByPrimaryKey" resultMap="BaseResultMap" parameterType="java.lang.Long" >
    select 
    <include refid="Base_Column_List" />
    from dept
    where deptno = #{deptno,jdbcType=BIGINT}
  </select>
  <delete id="deleteByPrimaryKey" parameterType="java.lang.Long" >
    delete from dept
    where deptno = #{deptno,jdbcType=BIGINT}
  </delete>
  <delete id="deleteByExample" parameterType="com.ems.domain.DeptExample" >
    delete from dept
    <if test="_parameter != null" >
      <include refid="Example_Where_Clause" />
    </if>
  </delete>
  <insert id="insert" parameterType="com.ems.domain.Dept" >
    insert into dept (deptno, dname, location
      )
    values (#{deptno,jdbcType=BIGINT}, #{dname,jdbcType=VARCHAR}, #{location,jdbcType=VARCHAR}
      )
  </insert>
  <insert id="insertSelective" parameterType="com.ems.domain.Dept" >
    insert into dept
    <trim prefix="(" suffix=")" suffixOverrides="," >
      <if test="deptno != null" >
        deptno,
      </if>
      <if test="dname != null" >
        dname,
      </if>
      <if test="location != null" >
        location,
      </if>
    </trim>
    <trim prefix="values (" suffix=")" suffixOverrides="," >
      <if test="deptno != null" >
        #{deptno,jdbcType=BIGINT},
      </if>
      <if test="dname != null" >
        #{dname,jdbcType=VARCHAR},
      </if>
      <if test="location != null" >
        #{location,jdbcType=VARCHAR},
      </if>
    </trim>
  </insert>
  <select id="countByExample" parameterType="com.ems.domain.DeptExample" resultType="java.lang.Integer" >
    select count(*) from dept
    <if test="_parameter != null" >
      <include refid="Example_Where_Clause" />
    </if>
  </select>
  <update id="updateByExampleSelective" parameterType="map" >
    update dept
    <set >
      <if test="record.deptno != null" >
        deptno = #{record.deptno,jdbcType=BIGINT},
      </if>
      <if test="record.dname != null" >
        dname = #{record.dname,jdbcType=VARCHAR},
      </if>
      <if test="record.location != null" >
        location = #{record.location,jdbcType=VARCHAR},
      </if>
    </set>
    <if test="_parameter != null" >
      <include refid="Update_By_Example_Where_Clause" />
    </if>
  </update>
  <update id="updateByExample" parameterType="map" >
    update dept
    set deptno = #{record.deptno,jdbcType=BIGINT},
      dname = #{record.dname,jdbcType=VARCHAR},
      location = #{record.location,jdbcType=VARCHAR}
    <if test="_parameter != null" >
      <include refid="Update_By_Example_Where_Clause" />
    </if>
  </update>
  <update id="updateByPrimaryKeySelective" parameterType="com.ems.domain.Dept" >
    update dept
    <set >
      <if test="dname != null" >
        dname = #{dname,jdbcType=VARCHAR},
      </if>
      <if test="location != null" >
        location = #{location,jdbcType=VARCHAR},
      </if>
    </set>
    where deptno = #{deptno,jdbcType=BIGINT}
  </update>
  <update id="updateByPrimaryKey" parameterType="com.ems.domain.Dept" >
    update dept
    set dname = #{dname,jdbcType=VARCHAR},
      location = #{location,jdbcType=VARCHAR}
    where deptno = #{deptno,jdbcType=BIGINT}
  </update>
</mapper>