<?xml version="1.0" encoding="UTF-8" ?>
<!DOCTYPE mapper PUBLIC "-//mybatis.org//DTD Mapper 3.0//EN" "http://mybatis.org/dtd/mybatis-3-mapper.dtd" >
<mapper namespace="com.ems.mapper.EmpMapper" >
  <resultMap id="BaseResultMap" type="com.ems.domain.Emp" >
    <id column="empno" property="empno" jdbcType="BIGINT" />
    <result column="name" property="name" jdbcType="VARCHAR" />
    <result column="pno" property="pno" jdbcType="INTEGER" />
    <result column="gender" property="gender" jdbcType="INTEGER" />
    <result column="salary" property="salary" jdbcType="DOUBLE" />
    <result column="bonus" property="bonus" jdbcType="DOUBLE" />
    <result column="idcard" property="idcard" jdbcType="VARCHAR" />
    <result column="deptno" property="deptno" jdbcType="BIGINT" />
  </resultMap>
  <sql id="Example_Where_Clause" >
    <where >
      <foreach collection="oredCriteria" item="criteria" separator="or" >
        <if test="criteria.valid" >
          <trim prefix="(" suffix=")" prefixOverrides="and" >
            <foreach collection="criteria.criteria" item="criterion" >
              <choose >
                <when test="criterion.noValue" >
                  and ${criterion.condition}
                </when>
                <when test="criterion.singleValue" >
                  and ${criterion.condition} #{criterion.value}
                </when>
                <when test="criterion.betweenValue" >
                  and ${criterion.condition} #{criterion.value} and #{criterion.secondValue}
                </when>
                <when test="criterion.listValue" >
                  and ${criterion.condition}
                  <foreach collection="criterion.value" item="listItem" open="(" close=")" separator="," >
                    #{listItem}
                  </foreach>
                </when>
              </choose>
            </foreach>
          </trim>
        </if>
      </foreach>
    </where>
  </sql>
  <sql id="Update_By_Example_Where_Clause" >
    <where >
      <foreach collection="example.oredCriteria" item="criteria" separator="or" >
        <if test="criteria.valid" >
          <trim prefix="(" suffix=")" prefixOverrides="and" >
            <foreach collection="criteria.criteria" item="criterion" >
              <choose >
                <when test="criterion.noValue" >
                  and ${criterion.condition}
                </when>
                <when test="criterion.singleValue" >
                  and ${criterion.condition} #{criterion.value}
                </when>
                <when test="criterion.betweenValue" >
                  and ${criterion.condition} #{criterion.value} and #{criterion.secondValue}
                </when>
                <when test="criterion.listValue" >
                  and ${criterion.condition}
                  <foreach collection="criterion.value" item="listItem" open="(" close=")" separator="," >
                    #{listItem}
                  </foreach>
                </when>
              </choose>
            </foreach>
          </trim>
        </if>
      </foreach>
    </where>
  </sql>
  <sql id="Base_Column_List" >
    empno, name, pno, gender, salary, bonus, idcard, deptno
  </sql>
  <select id="selectByExample" resultMap="BaseResultMap" parameterType="com.ems.domain.EmpExample" >
    select
    <if test="distinct" >
      distinct
    </if>
    <include refid="Base_Column_List" />
    from emp
    <if test="_parameter != null" >
      <include refid="Example_Where_Clause" />
    </if>
    <if test="orderByClause != null" >
      order by ${orderByClause}
    </if>
  </select>
  <select id="selectByPrimaryKey" resultMap="BaseResultMap" parameterType="java.lang.Long" >
    select 
    <include refid="Base_Column_List" />
    from emp
    where empno = #{empno,jdbcType=BIGINT}
  </select>
  <delete id="deleteByPrimaryKey" parameterType="java.lang.Long" >
    delete from emp
    where empno = #{empno,jdbcType=BIGINT}
  </delete>
  <delete id="deleteByExample" parameterType="com.ems.domain.EmpExample" >
    delete from emp
    <if test="_parameter != null" >
      <include refid="Example_Where_Clause" />
    </if>
  </delete>
  <insert id="insert" parameterType="com.ems.domain.Emp" >
    insert into emp (empno, name, pno, 
      gender, salary, bonus, 
      idcard, deptno)
    values (#{empno,jdbcType=BIGINT}, #{name,jdbcType=VARCHAR}, #{pno,jdbcType=INTEGER}, 
      #{gender,jdbcType=INTEGER}, #{salary,jdbcType=DOUBLE}, #{bonus,jdbcType=DOUBLE}, 
      #{idcard,jdbcType=VARCHAR}, #{deptno,jdbcType=BIGINT})
  </insert>
  <insert id="insertSelective" parameterType="com.ems.domain.Emp" >
    insert into emp
    <trim prefix="(" suffix=")" suffixOverrides="," >
      <if test="empno != null" >
        empno,
      </if>
      <if test="name != null" >
        name,
      </if>
      <if test="pno != null" >
        pno,
      </if>
      <if test="gender != null" >
        gender,
      </if>
      <if test="salary != null" >
        salary,
      </if>
      <if test="bonus != null" >
        bonus,
      </if>
      <if test="idcard != null" >
        idcard,
      </if>
      <if test="deptno != null" >
        deptno,
      </if>
    </trim>
    <trim prefix="values (" suffix=")" suffixOverrides="," >
      <if test="empno != null" >
        #{empno,jdbcType=BIGINT},
      </if>
      <if test="name != null" >
        #{name,jdbcType=VARCHAR},
      </if>
      <if test="pno != null" >
        #{pno,jdbcType=INTEGER},
      </if>
      <if test="gender != null" >
        #{gender,jdbcType=INTEGER},
      </if>
      <if test="salary != null" >
        #{salary,jdbcType=DOUBLE},
      </if>
      <if test="bonus != null" >
        #{bonus,jdbcType=DOUBLE},
      </if>
      <if test="idcard != null" >
        #{idcard,jdbcType=VARCHAR},
      </if>
      <if test="deptno != null" >
        #{deptno,jdbcType=BIGINT},
      </if>
    </trim>
  </insert>
  <select id="countByExample" parameterType="com.ems.domain.EmpExample" resultType="java.lang.Integer" >
    select count(*) from emp
    <if test="_parameter != null" >
      <include refid="Example_Where_Clause" />
    </if>
  </select>
  <update id="updateByExampleSelective" parameterType="map" >
    update emp
    <set >
      <if test="record.empno != null" >
        empno = #{record.empno,jdbcType=BIGINT},
      </if>
      <if test="record.name != null" >
        name = #{record.name,jdbcType=VARCHAR},
      </if>
      <if test="record.pno != null" >
        pno = #{record.pno,jdbcType=INTEGER},
      </if>
      <if test="record.gender != null" >
        gender = #{record.gender,jdbcType=INTEGER},
      </if>
      <if test="record.salary != null" >
        salary = #{record.salary,jdbcType=DOUBLE},
      </if>
      <if test="record.bonus != null" >
        bonus = #{record.bonus,jdbcType=DOUBLE},
      </if>
      <if test="record.idcard != null" >
        idcard = #{record.idcard,jdbcType=VARCHAR},
      </if>
      <if test="record.deptno != null" >
        deptno = #{record.deptno,jdbcType=BIGINT},
      </if>
    </set>
    <if test="_parameter != null" >
      <include refid="Update_By_Example_Where_Clause" />
    </if>
  </update>
  <update id="updateByExample" parameterType="map" >
    update emp
    set empno = #{record.empno,jdbcType=BIGINT},
      name = #{record.name,jdbcType=VARCHAR},
      pno = #{record.pno,jdbcType=INTEGER},
      gender = #{record.gender,jdbcType=INTEGER},
      salary = #{record.salary,jdbcType=DOUBLE},
      bonus = #{record.bonus,jdbcType=DOUBLE},
      idcard = #{record.idcard,jdbcType=VARCHAR},
      deptno = #{record.deptno,jdbcType=BIGINT}
    <if test="_parameter != null" >
      <include refid="Update_By_Example_Where_Clause" />
    </if>
  </update>
  <update id="updateByPrimaryKeySelective" parameterType="com.ems.domain.Emp" >
    update emp
    <set >
      <if test="name != null" >
        name = #{name,jdbcType=VARCHAR},
      </if>
      <if test="pno != null" >
        pno = #{pno,jdbcType=INTEGER},
      </if>
      <if test="gender != null" >
        gender = #{gender,jdbcType=INTEGER},
      </if>
      <if test="salary != null" >
        salary = #{salary,jdbcType=DOUBLE},
      </if>
      <if test="bonus != null" >
        bonus = #{bonus,jdbcType=DOUBLE},
      </if>
      <if test="idcard != null" >
        idcard = #{idcard,jdbcType=VARCHAR},
      </if>
      <if test="deptno != null" >
        deptno = #{deptno,jdbcType=BIGINT},
      </if>
    </set>
    where empno = #{empno,jdbcType=BIGINT}
  </update>
  <update id="updateByPrimaryKey" parameterType="com.ems.domain.Emp" >
    update emp
    set name = #{name,jdbcType=VARCHAR},
      pno = #{pno,jdbcType=INTEGER},
      gender = #{gender,jdbcType=INTEGER},
      salary = #{salary,jdbcType=DOUBLE},
      bonus = #{bonus,jdbcType=DOUBLE},
      idcard = #{idcard,jdbcType=VARCHAR},
      deptno = #{deptno,jdbcType=BIGINT}
    where empno = #{empno,jdbcType=BIGINT}
  </update>
</mapper>