<?xml version="1.0" encoding="UTF-8" ?>
<!DOCTYPE mapper PUBLIC "-//mybatis.org//DTD Mapper 3.0//EN" "http://mybatis.org/dtd/mybatis-3-mapper.dtd" >
<mapper namespace="com.ems.mapper.UserMapper" >
  <resultMap id="BaseResultMap" type="com.ems.domain.User" >
    <id column="uid" property="uid" jdbcType="INTEGER" />
    <result column="name" property="name" jdbcType="VARCHAR" />
    <result column="password" property="password" jdbcType="VARCHAR" />
    <result column="money" property="money" jdbcType="DOUBLE" />
    <result column="status" property="status" jdbcType="TINYINT" />
  </resultMap>
  <sql id="Example_Where_Clause" >
    <where >
      <foreach collection="oredCriteria" item="criteria" separator="or" >
        <if test="criteria.valid" >
          <trim prefix="(" suffix=")" prefixOverrides="and" >
            <foreach collection="criteria.criteria" item="criterion" >
              <choose >
                <when test="criterion.noValue" >
                  and ${criterion.condition}
                </when>
                <when test="criterion.singleValue" >
                  and ${criterion.condition} #{criterion.value}
                </when>
                <when test="criterion.betweenValue" >
                  and ${criterion.condition} #{criterion.value} and #{criterion.secondValue}
                </when>
                <when test="criterion.listValue" >
                  and ${criterion.condition}
                  <foreach collection="criterion.value" item="listItem" open="(" close=")" separator="," >
                    #{listItem}
                  </foreach>
                </when>
              </choose>
            </foreach>
          </trim>
        </if>
      </foreach>
    </where>
  </sql>
  <sql id="Update_By_Example_Where_Clause" >
    <where >
      <foreach collection="example.oredCriteria" item="criteria" separator="or" >
        <if test="criteria.valid" >
          <trim prefix="(" suffix=")" prefixOverrides="and" >
            <foreach collection="criteria.criteria" item="criterion" >
              <choose >
                <when test="criterion.noValue" >
                  and ${criterion.condition}
                </when>
                <when test="criterion.singleValue" >
                  and ${criterion.condition} #{criterion.value}
                </when>
                <when test="criterion.betweenValue" >
                  and ${criterion.condition} #{criterion.value} and #{criterion.secondValue}
                </when>
                <when test="criterion.listValue" >
                  and ${criterion.condition}
                  <foreach collection="criterion.value" item="listItem" open="(" close=")" separator="," >
                    #{listItem}
                  </foreach>
                </when>
              </choose>
            </foreach>
          </trim>
        </if>
      </foreach>
    </where>
  </sql>
  <sql id="Base_Column_List" >
    uid, name, password, money, status
  </sql>
  <select id="selectByExample" resultMap="BaseResultMap" parameterType="com.ems.domain.UserExample" >
    select
    <if test="distinct" >
      distinct
    </if>
    <include refid="Base_Column_List" />
    from user
    <if test="_parameter != null" >
      <include refid="Example_Where_Clause" />
    </if>
    <if test="orderByClause != null" >
      order by ${orderByClause}
    </if>
  </select>
  <select id="selectByPrimaryKey" resultMap="BaseResultMap" parameterType="java.lang.Integer" >
    select 
    <include refid="Base_Column_List" />
    from user
    where uid = #{uid,jdbcType=INTEGER}
  </select>
  <delete id="deleteByPrimaryKey" parameterType="java.lang.Integer" >
    delete from user
    where uid = #{uid,jdbcType=INTEGER}
  </delete>
  <delete id="deleteByExample" parameterType="com.ems.domain.UserExample" >
    delete from user
    <if test="_parameter != null" >
      <include refid="Example_Where_Clause" />
    </if>
  </delete>
  <insert id="insert" parameterType="com.ems.domain.User" >
    insert into user (uid, name, password, 
      money, status)
    values (#{uid,jdbcType=INTEGER}, #{name,jdbcType=VARCHAR}, #{password,jdbcType=VARCHAR}, 
      #{money,jdbcType=DOUBLE}, #{status,jdbcType=TINYINT})
  </insert>
  <insert id="insertSelective" parameterType="com.ems.domain.User" >
    insert into user
    <trim prefix="(" suffix=")" suffixOverrides="," >
      <if test="uid != null" >
        uid,
      </if>
      <if test="name != null" >
        name,
      </if>
      <if test="password != null" >
        password,
      </if>
      <if test="money != null" >
        money,
      </if>
      <if test="status != null" >
        status,
      </if>
    </trim>
    <trim prefix="values (" suffix=")" suffixOverrides="," >
      <if test="uid != null" >
        #{uid,jdbcType=INTEGER},
      </if>
      <if test="name != null" >
        #{name,jdbcType=VARCHAR},
      </if>
      <if test="password != null" >
        #{password,jdbcType=VARCHAR},
      </if>
      <if test="money != null" >
        #{money,jdbcType=DOUBLE},
      </if>
      <if test="status != null" >
        #{status,jdbcType=TINYINT},
      </if>
    </trim>
  </insert>
  <select id="countByExample" parameterType="com.ems.domain.UserExample" resultType="java.lang.Integer" >
    select count(*) from user
    <if test="_parameter != null" >
      <include refid="Example_Where_Clause" />
    </if>
  </select>
  <update id="updateByExampleSelective" parameterType="map" >
    update user
    <set >
      <if test="record.uid != null" >
        uid = #{record.uid,jdbcType=INTEGER},
      </if>
      <if test="record.name != null" >
        name = #{record.name,jdbcType=VARCHAR},
      </if>
      <if test="record.password != null" >
        password = #{record.password,jdbcType=VARCHAR},
      </if>
      <if test="record.money != null" >
        money = #{record.money,jdbcType=DOUBLE},
      </if>
      <if test="record.status != null" >
        status = #{record.status,jdbcType=TINYINT},
      </if>
    </set>
    <if test="_parameter != null" >
      <include refid="Update_By_Example_Where_Clause" />
    </if>
  </update>
  <update id="updateByExample" parameterType="map" >
    update user
    set uid = #{record.uid,jdbcType=INTEGER},
      name = #{record.name,jdbcType=VARCHAR},
      password = #{record.password,jdbcType=VARCHAR},
      money = #{record.money,jdbcType=DOUBLE},
      status = #{record.status,jdbcType=TINYINT}
    <if test="_parameter != null" >
      <include refid="Update_By_Example_Where_Clause" />
    </if>
  </update>
  <update id="updateByPrimaryKeySelective" parameterType="com.ems.domain.User" >
    update user
    <set >
      <if test="name != null" >
        name = #{name,jdbcType=VARCHAR},
      </if>
      <if test="password != null" >
        password = #{password,jdbcType=VARCHAR},
      </if>
      <if test="money != null" >
        money = #{money,jdbcType=DOUBLE},
      </if>
      <if test="status != null" >
        status = #{status,jdbcType=TINYINT},
      </if>
    </set>
    where uid = #{uid,jdbcType=INTEGER}
  </update>
  <update id="updateByPrimaryKey" parameterType="com.ems.domain.User" >
    update user
    set name = #{name,jdbcType=VARCHAR},
      password = #{password,jdbcType=VARCHAR},
      money = #{money,jdbcType=DOUBLE},
      status = #{status,jdbcType=TINYINT}
    where uid = #{uid,jdbcType=INTEGER}
  </update>
</mapper>